index,neighborhood,area code
0,Downtown Boston,2101
1,Beacon Hill,2108
2,Markets / Inner Harbor,2109
3,Financial District / Wharves,2110
4,Chinatown / Tufts-New England Medical Center,2111
5,Downtown Boston,2112
6,North End,2113
7,West End / Back of the Hill,2114
8,Fenway / East Fens / Longwood,2115
9,Back Bay,2116
10,Downtown Boston,2117
11,South End,2118
12,Roxbury,2119
13,Roxbury Crossing,2120
14,Roxbury / Grove Hall,2121
15,Dorchester / Fields Corner,2122
16,Downtown Boston,2123
17,Dorchester / Codman Square,2124
18,Dorchester / Uphams Corner,2125
19,Mattapan,2126
20,South Boston,2127
21,East Boston,2128
22,Charlestown,2129
23,Jamaica Plain,2130
24,Roslindale,2131
25,West Roxbury,2132
26,Downtown Boston,2133
27,Allston,2134
28,Brighton,2135
29,Hyde Park,2136
30,Readville,2137
31,Cambridge,2138
32,Cambridge,2139
33,Cambridge,2140
34,Cambridge,2141
35,Cambridge,2142
36,Somerville,2143
37,Somerville,2144
38,Somerville,2145
39,North Brighton / Cambridge,2163
40,Downtown Boston,2196
41,Prudential,2199
42,Downtown Boston,2201
43,Downtown Boston,2205
44,South Boston / Fort Point,2210
45,Kenmore / Boston University,2215
46,Downtown Boston,2216
47,East Boston,2228
48,Cambridge,2238
49,Brookline,2445
50,Brookline,2446
51,Brookline Village,2447
